<?xml version="1.0" encoding="UTF-8" standalone="yes"?>
<manifest>
  <control namespace="SAB.XrmPowerControls" constructor="XrmMetadataAutoComplete" version="0.0.2" display-name-key="XrmMetadataAutoComplete" description-key="XrmMetadataAutoComplete description" control-type="standard" api-version="1.2.1">
    <property name="selectedValue" display-name-key="Selected Vaue" description-key="Selected field Value" of-type="SingleLine.Text" usage="bound" required="true"/>
    <property name="autoCompleteMetaDataType" display-name-key="AutoCompleteMetaDataType" description-key="AutoComplete MetaData Type" of-type="Enum" usage="input" required="true">
      <value name="Entity" display-name-key="Entity" description-key="Entity">Entity</value>
      <value name="Attributes" display-name-key="Attributes" description-key="Attributes" default="true">Attributes</value>
      <value name="Lookup" display-name-key="Lookup" description-key="Lookup">Lookup</value>
      <value name="SystemViews" display-name-key="SystemViews" description-key="SystemViews - Will have [ViewName]-{CRMID}-[View GUID] format to cope with views with same name">SystemViews</value>
      <value name="BusissProcessFlows" display-name-key="BusissProcessFlows" description-key="Business Process Flows">BusinessProcessFlows</value>
    </property>
    <property name="filterEntityFieldByEntitiesAssociatedTo" display-name-key="Filter Entity Field By Entities Associated To" description-key="Only applies if the AutoCompleteMetaDataType is set to Entity. It will filter entity field auto complete list By entities associated to entity entered in this property" of-type="SingleLine.Text" usage="input" required="false"/>
    <property name="relatedEntity" display-name-key="Related Entity" description-key="Only applies if the AutoCompleteMetaDataType is set to anything other than Entity. It will filter the autocomplete list to contain only metatadata values related to this entity" of-type="SingleLine.Text" usage="input" required="false"/>
    <resources>
      <code path="bundle.js" order="1"/>
    </resources>
    <feature-usage>
      <uses-feature name="Utility" required="true"/>
      <uses-feature name="WebAPI" required="true"/>
    </feature-usage>
    <built-by name="pac" version="1.0.6"/>
  </control>
</manifest>